{
    "1": {
        "AttachmentX": 0,
        "AttachmentY": -0.6,
        "AttachmentZ": 0
    },
    "2": {
        "AttachmentX": 0,
        "AttachmentY": -0.6,
        "AttachmentZ": 0
    },
    "3": {
        "AttachmentX": 0,
        "AttachmentY": 0.200000003,
        "AttachmentZ": 0
    },
    "4": {
        "AttachmentX": 0,
        "AttachmentY": 0.0900000036,
        "AttachmentZ": 0.180000007
    },
    "5": {
        "AttachmentX": 0,
        "AttachmentY": 0.200000003,
        "AttachmentZ": 0
    }
}
