{
    "1": {
        "username": "X",
        "headColor": 24,
        "torsoColor": 26,
        "lArmColor": 23,
        "rArmColor": 21,
        "lLegColor": 23,
        "rLegColor": 21,
        "tshirt": "7",
        "tmode": "proxy",
        "face": "0",
        "fmode": "proxy",
        "hatid": "8",
        "hatmode": "proxy"
    },
    "2": {
        "username": "hamoun",
        "headColor": 38,
        "torsoColor": 1,
        "lArmColor": 1,
        "rArmColor": 1,
        "lLegColor": 26,
        "rLegColor": 26,
        "tshirt": "12",
        "tmode": "proxy",
        "face": "0",
        "fmode": "proxy",
        "hatid": "1",
        "hatmode": "proxy"
    },
    "3": {
        "username": "ka",
        "headColor": 104,
        "torsoColor": 26,
        "lArmColor": 21,
        "rArmColor": 23,
        "lLegColor": 24,
        "rLegColor": 119,
        "tshirt": "0",
        "tmode": "proxy",
        "face": "0",
        "fmode": "proxy",
        "hatid": "0",
        "hatmode": "proxy"
    },
    "4": {
        "username": "Maxxy Bloxxer",
        "headColor": 24,
        "torsoColor": 104,
        "lArmColor": 23,
        "rArmColor": 21,
        "lLegColor": 23,
        "rLegColor": 21,
        "tshirt": "1",
        "tmode": "proxy",
        "face": "0",
        "fmode": "proxy",
        "hatid": "0",
        "hatmode": "proxy"
    },
    "5": {
        "username": "mp3",
        "headColor": 1,
        "torsoColor": 26,
        "lArmColor": 23,
        "rArmColor": 23,
        "lLegColor": 23,
        "rLegColor": 23,
        "tshirt": "0",
        "tmode": "proxy",
        "face": "0",
        "fmode": "proxy",
        "hatid": "4",
        "hatmode": "proxy"
    },
    "6": {
        "username": "The Big Slide",
        "headColor": 23,
        "torsoColor": 26,
        "lArmColor": 23,
        "rArmColor": 23,
        "lLegColor": 26,
        "rLegColor": 26,
        "tshirt": "0",
        "tmode": "proxy",
        "face": "0",
        "fmode": "proxy",
        "hatid": "0",
        "hatmode": "proxy"
    },
    "7": {
        "username": "hello sigmas",
        "headColor": 24,
        "torsoColor": 119,
        "lArmColor": 119,
        "rArmColor": 119,
        "lLegColor": 119,
        "rLegColor": 119,
        "tshirt": "0",
        "tmode": "proxy",
        "face": "0",
        "fmode": "proxy",
        "hatid": "0",
        "hatmode": "proxy"
    },
    "9": {
        "username": "root",
        "headColor": 199,
        "torsoColor": 26,
        "lArmColor": 199,
        "rArmColor": 199,
        "lLegColor": 194,
        "rLegColor": 194,
        "tshirt": "5",
        "tmode": "proxy",
        "face": "0",
        "fmode": "proxy",
        "hatid": "",
        "hatmode": "proxy"
    },
    "8": {
        "username": "test",
        "headColor": 1,
        "torsoColor": 23,
        "lArmColor": 23,
        "rArmColor": 23,
        "lLegColor": 23,
        "rLegColor": 23,
        "tshirt": "3",
        "tmode": "proxy",
        "face": "0",
        "fmode": "proxy",
        "hatid": "0",
        "hatmode": "proxy"
    },
    "0": {
        "username": "root",
        "headColor": 199,
        "torsoColor": 26,
        "lArmColor": 199,
        "rArmColor": 199,
        "lLegColor": 194,
        "rLegColor": 194,
        "tshirt": "5",
        "tmode": "proxy",
        "face": "0",
        "fmode": "proxy",
        "hatid": "",
        "hatmode": "proxy"
    },
    "-2147483648": {
        "username": "Player",
        "headColor": 199,
        "torsoColor": 26,
        "lArmColor": 199,
        "rArmColor": 199,
        "lLegColor": 194,
        "rLegColor": 194,
        "tshirt": "5",
        "tmode": "proxy",
        "face": "0",
        "fmode": "proxy",
        "hatid": "0",
        "hatmode": "proxy"
    },
    "10": {
        "username": "McBloxxer",
        "headColor": 24,
        "torsoColor": 199,
        "lArmColor": 199,
        "rArmColor": 199,
        "lLegColor": 26,
        "rLegColor": 26,
        "tshirt": "0",
        "tmode": "proxy",
        "face": "0",
        "fmode": "proxy",
        "hatid": "10",
        "hatmode": "proxy"
    },
    "11": {
        "username": "Player",
        "headColor": 24,
        "torsoColor": 26,
        "lArmColor": 23,
        "rArmColor": 21,
        "lLegColor": 23,
        "rLegColor": 21,
        "tshirt": "2",
        "tmode": "proxy",
        "face": "0",
        "fmode": "proxy",
        "hatid": "4",
        "hatmode": "proxy"
    },
    "12": {
        "username": "X",
        "headColor": 1,
        "torsoColor": 26,
        "lArmColor": 26,
        "rArmColor": 26,
        "lLegColor": 26,
        "rLegColor": 26,
        "tshirt": "0",
        "tmode": "proxy",
        "face": "0",
        "fmode": "proxy",
        "hatid": "14",
        "hatmode": "proxy"
    },
    "16": {
        "username": "Player",
        "headColor": 24,
        "torsoColor": 21,
        "lArmColor": 21,
        "rArmColor": 21,
        "lLegColor": 26,
        "rLegColor": 26,
        "tshirt": "0",
        "tmode": "proxy",
        "face": "0",
        "fmode": "proxy",
        "hatid": "12",
        "hatmode": "proxy"
    },
    "": null
}