{
    "1": {
        "AttachmentX": 0,
        "AttachmentY": -0.6,
        "AttachmentZ": 0
    },
    "2": {
        "AttachmentX": 0,
        "AttachmentY": -0.800000012,
        "AttachmentZ": 0
    },
    "3": {
        "AttachmentX": 0,
        "AttachmentY": 0.200000003,
        "AttachmentZ": 0
    },
    "4": {
        "AttachmentX": 0,
        "AttachmentY": 0.0900000036,
        "AttachmentZ": 0.180000007
    },
    "5": {
        "AttachmentX": 0,
        "AttachmentY": -0.25,
        "AttachmentZ": 0
    },
    "6": {
        "AttachmentX": 0,
        "AttachmentY": -0.25,
        "AttachmentZ": -0.349999994
    },
    "7": {
        "AttachmentX": 0,
        "AttachmentY": 0.100000001,
        "AttachmentZ": 0
    },
     "8": {
        "AttachmentX": 0,
        "AttachmentY": -0.349999994,
        "AttachmentZ": 0
    },
    "9": {
        "AttachmentX": 0,
        "AttachmentY": -0.1,
        "AttachmentZ": 0
    },
      "10": {
        "AttachmentX": 0,
        "AttachmentY": -0.3,
        "AttachmentZ": 0
    },
      "11": {
        "AttachmentX": 0,
        "AttachmentY" :0,
        "AttachmentZ": 0
    },
    "12": {
        "AttachmentX": 0,
        "AttachmentY": -0.25,
        "AttachmentZ": -0.349999994
    },
      "13": {
        "AttachmentX": 0,
        "AttachmentY": 0.0900000036,
        "AttachmentZ": 0.180000007
    },
	"14": {
        "AttachmentX": 0,
        "AttachmentY":  -0.349999994,
        "AttachmentZ":0
    }
	
}
